-- Seed generado desde src/mock-data/catalog.fase1.mock.json
BEGIN;

INSERT INTO country (code, name, currency_code, is_active)
VALUES
  ('pe', 'Perú', 'PEN', TRUE),
  ('ec', 'Ecuador', 'USD', TRUE),
  ('bo', 'Bolivia', 'BOB', TRUE),
  ('co', 'Colombia', 'COP', TRUE),
  ('mx', 'México', 'MXN', TRUE),
  ('br', 'Brasil', 'BRL', TRUE),
  ('ar', 'Argentina', 'ARS', TRUE),
  ('pa', 'Panamá', 'PAB', TRUE),
  ('us', 'Estados Unidos', 'USD', TRUE),
  ('ve', 'Venezuela', 'VES', TRUE);

INSERT INTO language (code, name, is_active)
VALUES
  ('es', 'Español', TRUE);

INSERT INTO product (id, sku, is_active)
VALUES
  ('0d841ba8-d568-4edf-b670-73aec658f960', 'F17', TRUE),
  ('179f79a7-e00c-4bd8-b104-f0a2ad79d8cc', 'A07', TRUE),
  ('7c24f05e-e9ab-4ed5-898e-19dd2b20f665', 'A05', TRUE),
  ('6fa066ed-104e-48c1-be63-5b484c67df7f', 'A39', TRUE),
  ('cad88504-44bc-4949-aac9-e682c495e499', 'A94', TRUE),
  ('ccb7f1c1-ed76-4fd1-b901-15993c2a21c6', 'A01', TRUE),
  ('aa7fc7af-96d9-4127-8b77-dbcb2fc153ad', 'A93', TRUE),
  ('fa24e557-2913-48f3-a25a-919338e6a89b', 'F18', TRUE),
  ('2ac12f0b-dc17-40db-bdca-4640cd8c7395', 'A75', TRUE),
  ('f67115dd-83c2-445d-bfb2-89c622803088', 'CSSKECO008', TRUE);

INSERT INTO product_country (id, product_id, country_id, slug, price, currency, ecommerce_url, ecommerce_external_id, is_active, published_at, created_at, updated_at)
VALUES
  ('01669875-1d71-4988-849b-2ac1a503e83b', '0d841ba8-d568-4edf-b670-73aec658f960', (SELECT id FROM country WHERE code = 'pe'), 'set-toallas-higienicas-airiz', 74.05, 'PEN', 'https://h5-hwyd-pe.jikeint.com/#/?s=X43ojSLVNCi5', NULL, TRUE, NOW(), NOW(), NOW()),
  ('e6b2c602-aae4-429c-9ccf-3ade9e4541a4', '179f79a7-e00c-4bd8-b104-f0a2ad79d8cc', (SELECT id FROM country WHERE code = 'pe'), 'capsula-de-chitosa', 177.84, 'PEN', 'https://h5-hwyd-pe.jikeint.com/#/?s=i1dY8fdoX3mI', NULL, TRUE, NOW(), NOW(), NOW()),
  ('31ed14a1-1651-43ec-9fbf-4bb591dc32b7', '7c24f05e-e9ab-4ed5-898e-19dd2b20f665', (SELECT id FROM country WHERE code = 'pe'), 'te-antilipido-de-tianshi', 82.47, 'PEN', 'https://h5-hwyd-pe.jikeint.com/#/?s=DoWAjzUZZB1T', NULL, TRUE, NOW(), NOW(), NOW()),
  ('b3e84848-a7cd-42f8-ab3f-21d0a060a0be', '6fa066ed-104e-48c1-be63-5b484c67df7f', (SELECT id FROM country WHERE code = 'pe'), 'te-reductor-de-peso', 82.47, 'PEN', 'https://api-hwyd.jikeint.com/share/sharepage?id=236&shop_id=90492959&country_code=PE&language_key=es-ES&type=goods', NULL, TRUE, NOW(), NOW(), NOW()),
  ('ec79a629-2ace-4b6d-9933-6656ba4fb863', 'cad88504-44bc-4949-aac9-e682c495e499', (SELECT id FROM country WHERE code = 'pe'), 'tiens-fe-folic', 93.13, 'PEN', 'https://api-hwyd.jikeint.com/share/sharepage?id=199&shop_id=90492959&country_code=PE&language_key=es-ES&type=goods', NULL, TRUE, NOW(), NOW(), NOW()),
  ('e97251ce-56a5-40c8-9c3b-48c3fd254277', 'ccb7f1c1-ed76-4fd1-b901-15993c2a21c6', (SELECT id FROM country WHERE code = 'pe'), 'viokal', 82.47, 'PEN', 'https://api-hwyd.jikeint.com/share/sharepage?id=480&shop_id=90492959&country_code=PE&language_key=es-ES&type=goods', NULL, TRUE, NOW(), NOW(), NOW()),
  ('51f101cf-8ec3-4e45-9293-c482692a29fc', 'aa7fc7af-96d9-4127-8b77-dbcb2fc153ad', (SELECT id FROM country WHERE code = 'pe'), 'tiens-colageno-forte-gingseng', 131.27, 'PEN', 'https://h5-hwyd-pe.jikeint.com/#/?s=SGK9ySuDvjSK', NULL, TRUE, NOW(), NOW(), NOW()),
  ('90e3d5f2-6c63-4a91-ab1f-7e0de6e136ea', 'fa24e557-2913-48f3-a25a-919338e6a89b', (SELECT id FROM country WHERE code = 'pe'), 'pasta-dental-herbal-orecare', 30.86, 'PEN', 'https://h5-hwyd-pe.jikeint.com/#/?s=0zNlqB9P2DXu', NULL, TRUE, NOW(), NOW(), NOW()),
  ('6aa0dcb9-14f5-4995-8dc2-a0f844b1add0', '2ac12f0b-dc17-40db-bdca-4640cd8c7395', (SELECT id FROM country WHERE code = 'pe'), 'tiens-cordycafe', 59.47, 'PEN', 'https://h5-hwyd-pe.jikeint.com/#/?s=y1mlnwCbmQsT', NULL, TRUE, NOW(), NOW(), NOW()),
  ('f943eef3-7dcc-4dd6-9c39-266788922b7d', 'f67115dd-83c2-445d-bfb2-89c622803088', (SELECT id FROM country WHERE code = 'pe'), 'green-bubble-cleanser', 72.93, 'PEN', 'https://h5-hwyd-pe.jikeint.com/#/?s=a4Tws5hwqmLU', NULL, TRUE, NOW(), NOW(), NOW());

INSERT INTO product_translation (id, product_country_id, language_id, name, short_description, long_description, intro, benefits, applications, usage, restrictions, recommendations, technical_info, features, cta_label, seo_title, seo_description, seo_og_image, video_url)
VALUES
  ('b927ebda-36bd-45a8-9f97-ef09bc8ef016', '01669875-1d71-4988-849b-2ac1a503e83b', (SELECT id FROM language WHERE code = 'es'), 'Set Toallas Higiénicas Airiz', 'Set de toallas higiénicas Airiz con algodón suave, oxígeno activo e iones negativos para una protección diaria cómoda y segura.', 'Las toallas higiénicas Airiz combinan algodón suave con tecnología de oxígeno activo e iones negativos, lo que contribuye a una mejor oxigenación y cuidado durante su uso.

El set incluye diferentes presentaciones adaptadas a cada momento del día, facilitando una protección continua y adecuada.', 'El cuidado íntimo diario requiere productos que brinden seguridad, comodidad y confianza en cada momento. El Set de Toallas Higiénicas Airiz está diseñado con algodón suave y tecnología de oxígeno activo e ion negativo, ofreciendo una alternativa pensada para acompañar la rutina femenina con mayor bienestar.

Su composición busca mantener un equilibrio adecuado, ayudando a proteger frente a agentes externos, mientras brinda una experiencia de uso cómoda tanto de día como de noche.', '["Buena absorción de líquidos","Diseño ultra delgado y cómodo","Permite una mejor permeabilidad y ventilación","Contribuye a mantener una sensación de frescura","Tecnología con oxígeno activo e ion negativo","Uso práctico según el momento del día"]'::jsonb, '["Durante el día (toallas diurnas)","Durante la noche (mayor protección)","Uso diario (protectores)","Rutina de higiene íntima"]'::jsonb, '["Seleccionar el tipo de toalla según el momento (día, noche o protector diario)","Retirar el adhesivo y colocar sobre la ropa interior","Ajustar correctamente para mayor comodidad","Cambiar según el tiempo recomendado de uso"]'::jsonb, '["No exceder el tiempo recomendado de uso","Seguir las indicaciones de uso de cada componente","Suspender el uso ante cualquier reacción desfavorable","En caso de anomalía, consultar con un especialista"]'::jsonb, '["Mujeres en etapa menstrual","Uso diario como protección adicional","Personas que buscan mayor comodidad y frescura","Diferentes momentos del ciclo (día y noche)"]'::jsonb, '{"tipo-de-producto":"Toallas Higiénicas","marca":"Airiz","material":"Algodón suave","presentacion":"Set de paquetes","contenido":"3 paquetes de toallas de día 1 paquete de toallas de noche 2 paquetes de protectores diarios"}'::jsonb, '{"benefits":["Buena absorción de líquidos","Diseño ultra delgado y cómodo","Permite una mejor permeabilidad y ventilación","Contribuye a mantener una sensación de frescura","Tecnología con oxígeno activo e ion negativo","Uso práctico según el momento del día"],"applications":["Durante el día (toallas diurnas)","Durante la noche (mayor protección)","Uso diario (protectores)","Rutina de higiene íntima"],"usage":["Seleccionar el tipo de toalla según el momento (día, noche o protector diario)","Retirar el adhesivo y colocar sobre la ropa interior","Ajustar correctamente para mayor comodidad","Cambiar según el tiempo recomendado de uso"],"restrictions":["No exceder el tiempo recomendado de uso","Seguir las indicaciones de uso de cada componente","Suspender el uso ante cualquier reacción desfavorable","En caso de anomalía, consultar con un especialista"],"recommendations":["Mujeres en etapa menstrual","Uso diario como protección adicional","Personas que buscan mayor comodidad y frescura","Diferentes momentos del ciclo (día y noche)"],"technicalInfo":{"tipo-de-producto":"Toallas Higiénicas","marca":"Airiz","material":"Algodón suave","presentacion":"Set de paquetes","contenido":"3 paquetes de toallas de día 1 paquete de toallas de noche 2 paquetes de protectores diarios"}}'::jsonb, 'Comprar ahora', 'Set Toallas Higiénicas Airiz | Tiens Peru', 'Set de toallas higiénicas Airiz con algodón suave, oxígeno activo e iones negativos para una protección diaria cómoda y segura.', 'https://tiens-assets-staging.nyc3.cdn.digitaloceanspaces.com/products/pe/set-toallas-higienicas-airiz/main.webp', 'https://youtu.be/naBw8hFQTAk?si=NLKK6t5ov_ng5nyN'),
  ('4c195ceb-34cd-46aa-a34c-02f6c24fec9e', 'e6b2c602-aae4-429c-9ccf-3ade9e4541a4', (SELECT id FROM language WHERE code = 'es'), 'Capsula de Chitosa', 'Cápsulas de quitosano que apoyan el control de grasas y azúcares, contribuyendo a una rutina de bienestar y manejo de peso.', 'La Cápsula de Chitosa es un suplemento elaborado a base de quitosano, un componente derivado de la quitina presente en los caparazones de crustáceos. Gracias a su alta pureza y grado de desacetilación, está diseñado para complementar rutinas orientadas al bienestar digestivo, control de peso y equilibrio metabólico.

El quitosano es reconocido por su capacidad de interactuar con grasas dentro del tracto digestivo, contribuyendo a reducir su absorción y apoyando procesos de manejo de peso. Además, puede colaborar en la eliminación de toxinas, promoviendo una sensación general de bienestar.

Su uso constante, acompañado de una alimentación saludable y actividad física, puede convertirse en un excelente complemento para quienes buscan mejorar sus hábitos diarios.', 'En la búsqueda de una alimentación equilibrada y hábitos saludables, muchas personas buscan aliados prácticos que complementen su rutina diaria. La Cápsula de Chitosa se presenta como una alternativa orientada al bienestar digestivo y al control de peso.

Gracias a su composición a base de quitosano, puede integrarse dentro de programas nutricionales y estilos de vida enfocados en mejorar el equilibrio del organismo.', '["Contribuye a reducir la absorción de grasas","Apoya rutinas orientadas al control de peso","Favorece el equilibrio del metabolismo de azúcares","Puede apoyar la circulación","Complementa procesos de limpieza digestiva","Ayuda a mantener hábitos saludables de bienestar"]'::jsonb, '["Dietas de reducción de peso","Rutinas de control alimenticio","Programas de bienestar digestivo","Estilos de vida saludables"]'::jsonb, '["Tomar de 1 a 3 cápsulas","Consumir entre 30 minutos y 1 hora antes de las comidas","Acompañar con agua tibia","Mantener una adecuada hidratación diaria"]'::jsonb, '["No consumir en caso de alergia a mariscos","Puede causar estreñimiento si no se bebe suficiente agua","Mantener un intervalo mínimo de 2 horas con otros suplementos","No recomendado para niños, lactantes o embarazadas con mala absorción intestinal"]'::jsonb, '["Adultos que buscan complementar su control de peso","Personas enfocadas en bienestar digestivo","Usuarios con hábitos de alimentación equilibrada","Combinable con Té Tianshi y Té Milenario"]'::jsonb, '{"tipo-de-producto":"Suplemento alimenticio","ingrediente-principal":"Quitosano","presentacion":"100 cápsulas x 0.15 g"}'::jsonb, '{"benefits":["Contribuye a reducir la absorción de grasas","Apoya rutinas orientadas al control de peso","Favorece el equilibrio del metabolismo de azúcares","Puede apoyar la circulación","Complementa procesos de limpieza digestiva","Ayuda a mantener hábitos saludables de bienestar"],"applications":["Dietas de reducción de peso","Rutinas de control alimenticio","Programas de bienestar digestivo","Estilos de vida saludables"],"usage":["Tomar de 1 a 3 cápsulas","Consumir entre 30 minutos y 1 hora antes de las comidas","Acompañar con agua tibia","Mantener una adecuada hidratación diaria"],"restrictions":["No consumir en caso de alergia a mariscos","Puede causar estreñimiento si no se bebe suficiente agua","Mantener un intervalo mínimo de 2 horas con otros suplementos","No recomendado para niños, lactantes o embarazadas con mala absorción intestinal"],"recommendations":["Adultos que buscan complementar su control de peso","Personas enfocadas en bienestar digestivo","Usuarios con hábitos de alimentación equilibrada","Combinable con Té Tianshi y Té Milenario"],"technicalInfo":{"tipo-de-producto":"Suplemento alimenticio","ingrediente-principal":"Quitosano","presentacion":"100 cápsulas x 0.15 g"}}'::jsonb, 'Comprar ahora', 'Capsula de Chitosa | Tiens Peru', 'Cápsulas de quitosano que apoyan el control de grasas y azúcares, contribuyendo a una rutina de bienestar y manejo de peso.', 'https://tiens-assets-staging.nyc3.cdn.digitaloceanspaces.com/products/pe/capsula-de-chitosa/main.webp', 'https://youtu.be/T30UzfSx1RY?si=sxzAZ02HgVtL8bku'),
  ('5aa3f268-e8a5-4446-9cd0-8040c1cc3807', '31ed14a1-1651-43ec-9fbf-4bb591dc32b7', (SELECT id FROM language WHERE code = 'es'), 'Te Antilípido de Tianshi', 'Té herbal detox que ayuda a limpiar el organismo, apoyar la digestión y complementar rutinas de bienestar diario.', 'El Té Tianshi es una infusión elaborada a base de una selección de cinco hierbas tradicionales: ginostema, hoja de loto, té verde, flor buddleja y ruibarbo. Esta combinación ha sido desarrollada para acompañar procesos de limpieza interna, digestión y equilibrio general del organismo.

Su fórmula reúne ingredientes conocidos por sus propiedades naturales, ayudando al cuerpo a optimizar la eliminación de toxinas, apoyar la regulación digestiva y complementar hábitos orientados al bienestar integral.

Consumido dentro de una rutina saludable, puede convertirse en una excelente alternativa para quienes desean sentirse más ligeros, mejorar sus hábitos diarios y apoyar su bienestar general.', 'El ritmo de vida actual, la alimentación desordenada y el estrés diario pueden afectar el equilibrio del organismo. Muchas personas buscan alternativas naturales que acompañen procesos de limpieza interna y bienestar general.

El Té Antilípido de Tianshi combina hierbas tradicionales utilizadas por generaciones, creando una bebida pensada para complementar rutinas saludables y apoyar el funcionamiento natural del cuerpo.', '["Ayuda a procesos naturales de limpieza interna","Complementa rutinas detox y de bienestar","Apoya la digestión y regulación intestinal","Contribuye al equilibrio del metabolismo de grasas","Aporta antioxidantes naturales","Favorece hábitos saludables diarios"]'::jsonb, '["Dietas de reducción de peso","Rutinas detox naturales","Programas de bienestar digestivo","Estilos de vida saludables"]'::jsonb, '["Colocar 1 sobre en una taza con agua caliente","Dejar reposar durante 10 minutos","Consumir tibio o caliente","Tomar de 1 a 2 sobres al día según preferencia"]'::jsonb, '["Personas sensibles a sus componentes podrían presentar reacciones alérgicas","En caso de embarazo o lactancia, consultar con un especialista","Recomendado para mayores de 18 años","Conservar en lugar fresco y seco entre 15°C y 25°C"]'::jsonb, '["Adultos que buscan una bebida detox natural","Personas enfocadas en bienestar digestivo","Usuarios con hábitos saludables","Combinable con suplementos Tianshi en cápsulas o tabletas"]'::jsonb, '{"tipo-de-producto":"Infusión herbal funcional","marca":"Tianshi","componentes-principales":"Ginostema, hoja de loto, té verde, flor buddleja y ruibarbo","presentacion":"Sobre filtrantes","contenido":"40 bolsitas x 1.5g"}'::jsonb, '{"benefits":["Ayuda a procesos naturales de limpieza interna","Complementa rutinas detox y de bienestar","Apoya la digestión y regulación intestinal","Contribuye al equilibrio del metabolismo de grasas","Aporta antioxidantes naturales","Favorece hábitos saludables diarios"],"applications":["Dietas de reducción de peso","Rutinas detox naturales","Programas de bienestar digestivo","Estilos de vida saludables"],"usage":["Colocar 1 sobre en una taza con agua caliente","Dejar reposar durante 10 minutos","Consumir tibio o caliente","Tomar de 1 a 2 sobres al día según preferencia"],"restrictions":["Personas sensibles a sus componentes podrían presentar reacciones alérgicas","En caso de embarazo o lactancia, consultar con un especialista","Recomendado para mayores de 18 años","Conservar en lugar fresco y seco entre 15°C y 25°C"],"recommendations":["Adultos que buscan una bebida detox natural","Personas enfocadas en bienestar digestivo","Usuarios con hábitos saludables","Combinable con suplementos Tianshi en cápsulas o tabletas"],"technicalInfo":{"tipo-de-producto":"Infusión herbal funcional","marca":"Tianshi","componentes-principales":"Ginostema, hoja de loto, té verde, flor buddleja y ruibarbo","presentacion":"Sobre filtrantes","contenido":"40 bolsitas x 1.5g"}}'::jsonb, 'Comprar ahora', 'Te Antilípido de Tianshi | Tiens Peru', 'Té herbal detox que ayuda a limpiar el organismo, apoyar la digestión y complementar rutinas de bienestar diario.', 'https://tiens-assets-staging.nyc3.cdn.digitaloceanspaces.com/products/pe/te-antilipido-de-tianshi/main.webp', 'https://youtu.be/J057soUK0SM?si=DgMczB8rIK5WWq4H'),
  ('e7ce8e86-3c6c-461e-a53f-779144d04708', 'b3e84848-a7cd-42f8-ab3f-21d0a060a0be', (SELECT id FROM language WHERE code = 'es'), 'Te Reductor de Peso', 'Té herbal con 7 hierbas naturales que apoya el control de peso, la digestión y rutinas de bienestar diario.', 'El Té Reductor de Peso de Tianshi es una infusión elaborada con siete hierbas seleccionadas: hoja de loto, semilla de cassia, risoma de alisma, té oolong, té kuding, raíz de ruibarbo y cáscara de mandarina. Esta combinación reúne ingredientes conocidos por su uso tradicional en procesos digestivos, equilibrio metabólico y control de peso.

Su fórmula está pensada para complementar estilos de vida saludables, apoyando la digestión, la eliminación natural de líquidos retenidos y el manejo de grasas y carbohidratos dentro de una rutina equilibrada.

Consumido de manera constante junto con hábitos adecuados, puede ser un excelente aliado para quienes desean sentirse más ligeros y mejorar su bienestar diario.', 'Mantener un peso equilibrado y una buena digestión puede ser un desafío cuando el ritmo diario, el estrés y los hábitos alimenticios cambian constantemente. Por ello, muchas personas buscan alternativas naturales que acompañen sus objetivos de bienestar.

El Té Reductor de Peso, también conocido como Té Milenario, combina hierbas tradicionales utilizadas por generaciones para complementar rutinas saludables, apoyar el metabolismo y favorecer una sensación de ligereza.', '["Contribuye al metabolismo natural del organismo","Apoya rutinas orientadas al control de peso","Favorece la digestión y el tránsito intestinal","Ayuda a la eliminación natural de líquidos retenidos","Aporta antioxidantes naturales","Complementa hábitos saludables diarios"]'::jsonb, '["Programas de reducción de peso","Rutinas de bienestar digestivo","Planes de alimentación equilibrada","Estilos de vida activos"]'::jsonb, '["Colocar 1 sobre en una taza con agua caliente","Dejar reposar durante 3 minutos","Consumir tibio o caliente","Tomar de 1 a 2 sobres al día según preferencia"]'::jsonb, '["Personas sensibles a sus componentes podrían presentar reacciones alérgicas","En caso de embarazo o lactancia, consultar con un especialista","Recomendado para mayores de 18 años","Conservar en lugar fresco y seco a temperatura ambiente"]'::jsonb, '["Adultos que buscan complementar el control de peso","Personas enfocadas en bienestar digestivo","Usuarios con hábitos saludables","Combinable con suplementos Tianshi en cápsulas o tabletas"]'::jsonb, '{"tipo-de-producto":"Infusión herbal funcional","marca":"Tianshi","componentes-principales":"Hoja de loto, semilla de cassia, alisma, té oolong, té kuding, ruibarbo y cáscara de mandarina","presentacion":"Sobre filtrantes","contenido":"40 bolsitas x 1.5g"}'::jsonb, '{"benefits":["Contribuye al metabolismo natural del organismo","Apoya rutinas orientadas al control de peso","Favorece la digestión y el tránsito intestinal","Ayuda a la eliminación natural de líquidos retenidos","Aporta antioxidantes naturales","Complementa hábitos saludables diarios"],"applications":["Programas de reducción de peso","Rutinas de bienestar digestivo","Planes de alimentación equilibrada","Estilos de vida activos"],"usage":["Colocar 1 sobre en una taza con agua caliente","Dejar reposar durante 3 minutos","Consumir tibio o caliente","Tomar de 1 a 2 sobres al día según preferencia"],"restrictions":["Personas sensibles a sus componentes podrían presentar reacciones alérgicas","En caso de embarazo o lactancia, consultar con un especialista","Recomendado para mayores de 18 años","Conservar en lugar fresco y seco a temperatura ambiente"],"recommendations":["Adultos que buscan complementar el control de peso","Personas enfocadas en bienestar digestivo","Usuarios con hábitos saludables","Combinable con suplementos Tianshi en cápsulas o tabletas"],"technicalInfo":{"tipo-de-producto":"Infusión herbal funcional","marca":"Tianshi","componentes-principales":"Hoja de loto, semilla de cassia, alisma, té oolong, té kuding, ruibarbo y cáscara de mandarina","presentacion":"Sobre filtrantes","contenido":"40 bolsitas x 1.5g"}}'::jsonb, 'Comprar ahora', 'Te Reductor de Peso | Tiens Peru', 'Té herbal con 7 hierbas naturales que apoya el control de peso, la digestión y rutinas de bienestar diario.', 'https://tiens-assets-staging.nyc3.cdn.digitaloceanspaces.com/products/pe/te-reductor-de-peso/main.webp', 'https://youtu.be/aJdiOGCGjW0?si=xk0Vpr13zV5_Gf5t'),
  ('ce14b891-7fa0-4227-bd79-78e19754f185', 'ec79a629-2ace-4b6d-9933-6656ba4fb863', (SELECT id FROM language WHERE code = 'es'), 'Tiens Fe Folic', 'Suplemento con hierro y ácido fólico que apoya la formación de glóbulos rojos, energía diaria y bienestar integral.', 'Tiens Fe Folic es un suplemento formulado con hierro (fumarato ferroso) y ácido fólico (vitamina B9), dos nutrientes fundamentales para funciones esenciales del organismo. El hierro participa en la formación de hemoglobina, ayudando al transporte de oxígeno en la sangre, mientras que el ácido fólico interviene en la formación celular y en diversos procesos metabólicos.

Su composición está pensada para acompañar etapas donde el cuerpo requiere mayor soporte nutricional, como crecimiento, actividad intensa o necesidades específicas del día a día.

Consumido como parte de una rutina equilibrada, puede ser un aliado importante para quienes buscan mantener vitalidad, adecuado aporte nutricional y bienestar general.', 'En distintas etapas de la vida, el organismo necesita nutrientes esenciales que apoyen la energía, el desarrollo y el equilibrio general. Factores como alimentación insuficiente, alta demanda física o etapas especiales pueden aumentar ciertos requerimientos nutricionales.

Tiens Fe Folic combina hierro y ácido fólico en una fórmula diseñada para complementar la nutrición diaria, apoyando procesos clave relacionados con la sangre, el crecimiento celular y el bienestar general.', '["Contribuye a la formación de glóbulos rojos","Apoya la síntesis normal de hemoglobina","Favorece el transporte de oxígeno en el organismo","Complementa procesos de crecimiento y desarrollo","Apoya la formación celular y tejidos nuevos","Contribuye al bienestar general y energía diaria"]'::jsonb, '["Rutinas de bienestar general","Etapas de crecimiento y desarrollo","Programas nutricionales supervisados","Etapas especiales con requerimientos aumentados"]'::jsonb, '["De 7 a 17 años: 1 tableta diaria","Adultos: de 1 a 2 tabletas diarias","Embarazadas: según indicación profesional","Consumir con agua y preferentemente con alimentos"]'::jsonb, '["No apto para menores de 7 años","No exceder la dosis recomendada","Suspender el uso ante cualquier reacción desfavorable","No combinar con productos similares sin orientación profesional"]'::jsonb, '["Adultos que buscan complementar su nutrición diaria","Personas con rutinas exigentes","Jóvenes mayores de 7 años según indicación","Puede combinarse con calcio y zinc en horarios separados"]'::jsonb, '{"tipo-de-producto":"Suplemento alimenticio","marca":"Tianshi","ingredientes-principales":"Hierro (fumarato ferroso) y ácido fólico (Vitamina B9)","presentacion":"Tabletas","contenido":"120 tabletas x 0.25g"}'::jsonb, '{"benefits":["Contribuye a la formación de glóbulos rojos","Apoya la síntesis normal de hemoglobina","Favorece el transporte de oxígeno en el organismo","Complementa procesos de crecimiento y desarrollo","Apoya la formación celular y tejidos nuevos","Contribuye al bienestar general y energía diaria"],"applications":["Rutinas de bienestar general","Etapas de crecimiento y desarrollo","Programas nutricionales supervisados","Etapas especiales con requerimientos aumentados"],"usage":["De 7 a 17 años: 1 tableta diaria","Adultos: de 1 a 2 tabletas diarias","Embarazadas: según indicación profesional","Consumir con agua y preferentemente con alimentos"],"restrictions":["No apto para menores de 7 años","No exceder la dosis recomendada","Suspender el uso ante cualquier reacción desfavorable","No combinar con productos similares sin orientación profesional"],"recommendations":["Adultos que buscan complementar su nutrición diaria","Personas con rutinas exigentes","Jóvenes mayores de 7 años según indicación","Puede combinarse con calcio y zinc en horarios separados"],"technicalInfo":{"tipo-de-producto":"Suplemento alimenticio","marca":"Tianshi","ingredientes-principales":"Hierro (fumarato ferroso) y ácido fólico (Vitamina B9)","presentacion":"Tabletas","contenido":"120 tabletas x 0.25g"}}'::jsonb, 'Comprar ahora', 'Tiens Fe Folic | Tiens Peru', 'Suplemento con hierro y ácido fólico que apoya la formación de glóbulos rojos, energía diaria y bienestar integral.', 'https://tiens-assets-staging.nyc3.cdn.digitaloceanspaces.com/products/pe/tiens-fe-folic/main.webp', 'https://youtu.be/JzevqUVeQUo?si=2a79D5qxckTgiz4I'),
  ('d45119b6-04dd-40c3-953e-83f95a26d891', 'e97251ce-56a5-40c8-9c3b-48c3fd254277', (SELECT id FROM language WHERE code = 'es'), 'Viokal', 'Suplemento con calcio y nutrientes que apoya huesos, dientes y bienestar diario, ideal para complementar tu nutrición.', 'Viokal es un suplemento nutricional formulado para complementar el aporte de calcio y otros nutrientes esenciales relacionados con la salud de huesos, dientes y funciones corporales importantes. Su composición incluye una mezcla en polvo a base de leche descremada, hueso de vaca, vitaminas y minerales.

El calcio es un mineral fundamental en el organismo, ya que participa en la estructura ósea, la función muscular, la transmisión nerviosa y otros procesos fisiológicos esenciales. Por ello, mantener niveles adecuados resulta importante en distintas etapas de la vida.

Consumido dentro de una alimentación equilibrada, Viokal puede ser un aliado para quienes buscan fortalecer su nutrición diaria y apoyar el bienestar general.', 'Con el paso del tiempo, el organismo necesita un adecuado aporte de calcio y minerales para mantener huesos fuertes y una buena calidad de vida. Factores como edad, alimentación insuficiente o alta demanda física pueden influir en estos requerimientos.

Viokal ha sido desarrollado como un suplemento nutritivo pensado para complementar la alimentación diaria, apoyando la salud ósea y el bienestar integral.', '["Contribuye al mantenimiento de huesos fuertes","Apoya la salud de dientes y encías","Favorece funciones musculares normales","Participa en procesos de transmisión nerviosa","Complementa el bienestar general del organismo","Ayuda a cubrir requerimientos diarios de calcio"]'::jsonb, '["Programas de nutrición ósea","Adultos con requerimientos aumentados de calcio","Personas activas físicamente","Alimentación complementaria balanceada"]'::jsonb, '["Disolver 1 sachet en agua tibia","Mezclar hasta integrar completamente","Consumir una vez al día","Mantener uso constante según rutina personal"]'::jsonb, '["No exceder la dosis diaria recomendada","Suspender el uso ante cualquier reacción desfavorable","Consultar con un especialista si presenta condiciones médicas previas","Conservar en lugar fresco y seco"]'::jsonb, '["Adultos que buscan complementar su aporte de calcio","Personas enfocadas en salud ósea","Usuarios con rutinas activas","Puede combinarse con Total Flex según recomendación profesional"]'::jsonb, '{"tipo-de-producto":"Suplemento nutricional en polvo","marca":"Tianshi","componentes-principales":"Leche descremada, hueso de vaca, vitaminas y minerales","presentacion":"Sachets","contenido":"10 sachets x 10 g","reconocimientos":"Producto reconocido por su enfoque nutricional orientado al calcio","certificaciones":"Ganador del Premio de Oro a Categoría Principal en la 106ª Exposición Internacional Panamá-Pacífico (2021)"}'::jsonb, '{"benefits":["Contribuye al mantenimiento de huesos fuertes","Apoya la salud de dientes y encías","Favorece funciones musculares normales","Participa en procesos de transmisión nerviosa","Complementa el bienestar general del organismo","Ayuda a cubrir requerimientos diarios de calcio"],"applications":["Programas de nutrición ósea","Adultos con requerimientos aumentados de calcio","Personas activas físicamente","Alimentación complementaria balanceada"],"usage":["Disolver 1 sachet en agua tibia","Mezclar hasta integrar completamente","Consumir una vez al día","Mantener uso constante según rutina personal"],"restrictions":["No exceder la dosis diaria recomendada","Suspender el uso ante cualquier reacción desfavorable","Consultar con un especialista si presenta condiciones médicas previas","Conservar en lugar fresco y seco"],"recommendations":["Adultos que buscan complementar su aporte de calcio","Personas enfocadas en salud ósea","Usuarios con rutinas activas","Puede combinarse con Total Flex según recomendación profesional"],"technicalInfo":{"tipo-de-producto":"Suplemento nutricional en polvo","marca":"Tianshi","componentes-principales":"Leche descremada, hueso de vaca, vitaminas y minerales","presentacion":"Sachets","contenido":"10 sachets x 10 g","reconocimientos":"Producto reconocido por su enfoque nutricional orientado al calcio","certificaciones":"Ganador del Premio de Oro a Categoría Principal en la 106ª Exposición Internacional Panamá-Pacífico (2021)"}}'::jsonb, 'Comprar ahora', 'Viokal | Tiens Peru', 'Suplemento con calcio y nutrientes que apoya huesos, dientes y bienestar diario, ideal para complementar tu nutrición.', 'https://tiens-assets-staging.nyc3.cdn.digitaloceanspaces.com/products/pe/viokal/main.webp', 'https://youtu.be/QmGbYkRhF0E?si=_jVQLVX1rmKsV4xD'),
  ('88ed712f-2009-4adc-828d-7aa8d53bb57e', '51f101cf-8ec3-4e45-9293-c482692a29fc', (SELECT id FROM language WHERE code = 'es'), 'Tiens Colágeno Forte + Gingseng', 'Colágeno líquido con ginseng que apoya piel, articulaciones, bienestar diario y rutinas activas.', 'Colágeno Forte + Ginseng es un suplemento en sachets líquidos formulado con péptidos de colágeno de pescado, extracto de ginseng, miel Manuka y zanahoria morada. Esta combinación reúne ingredientes reconocidos por su aporte dentro de programas orientados a la salud de la piel, soporte musculoesquelético y vitalidad diaria.

El colágeno es una proteína estructural clave en diversos tejidos del cuerpo. Su adecuado soporte puede ser importante para mantener piel firme, articulaciones saludables y acompañar rutinas activas.

Gracias a su formato práctico y de fácil consumo, puede integrarse cómodamente en la rutina diaria como complemento de una alimentación balanceada y un estilo de vida saludable.', 'Con el paso del tiempo, el cuerpo reduce de forma natural la producción de colágeno, una proteína esencial presente en la piel, articulaciones, tendones y tejidos conectivos. Esto puede reflejarse en cambios visibles, menor elasticidad o necesidad de mayor soporte físico.

Colágeno Forte + Ginseng de Tianshi combina ingredientes funcionales pensados para complementar rutinas enfocadas en belleza, movilidad y bienestar integral.', '["Apoya la salud y apariencia de la piel","Complementa rutinas de envejecimiento saludable","Favorece el bienestar de articulaciones, músculos y huesos","Contribuye a rutinas deportivas y recuperación física","Aporta sensación de saciedad como apoyo nutricional","Formato práctico para consumo diario"]'::jsonb, '["Rutinas de belleza y cuidado personal","Programas de movilidad y bienestar articular","Estilos de vida activos","Planes nutricionales balanceados"]'::jsonb, '["Tomar 1 sachet al día directamente al abrirlo","También puede mezclarse con agua si se prefiere","Para uso intensivo, consumir 2 sachets al día según necesidad","Mantener consumo constante dentro de una rutina saludable"]'::jsonb, '["No exceder la ingesta diaria recomendada","No utilizar como sustituto de una dieta variada","Mantener una alimentación equilibrada y estilo de vida saludable","Conservar en lugar fresco y seco"]'::jsonb, '["Adultos que buscan cuidado integral de la piel","Personas con rutinas activas o deportivas","Usuarios enfocados en bienestar articular y muscular","Puede combinarse con Tiens Energy y Total Flex"]'::jsonb, '{"tipo-de-producto":"Suplemento líquido funcional","marca":"Tianshi","ingredientes-principales":"Péptidos de colágeno de pescado, ginseng, miel Manuka y zanahoria morada","presentacion":"Sachets","contenido":"15 sachets x 15 ml","tecnologia":"Desarrollado con tecnología doble NUTRI™, orientada a combinar nutrientes solubles en agua y aceite junto con extractos vegetales e ingredientes funcionales."}'::jsonb, '{"benefits":["Apoya la salud y apariencia de la piel","Complementa rutinas de envejecimiento saludable","Favorece el bienestar de articulaciones, músculos y huesos","Contribuye a rutinas deportivas y recuperación física","Aporta sensación de saciedad como apoyo nutricional","Formato práctico para consumo diario"],"applications":["Rutinas de belleza y cuidado personal","Programas de movilidad y bienestar articular","Estilos de vida activos","Planes nutricionales balanceados"],"usage":["Tomar 1 sachet al día directamente al abrirlo","También puede mezclarse con agua si se prefiere","Para uso intensivo, consumir 2 sachets al día según necesidad","Mantener consumo constante dentro de una rutina saludable"],"restrictions":["No exceder la ingesta diaria recomendada","No utilizar como sustituto de una dieta variada","Mantener una alimentación equilibrada y estilo de vida saludable","Conservar en lugar fresco y seco"],"recommendations":["Adultos que buscan cuidado integral de la piel","Personas con rutinas activas o deportivas","Usuarios enfocados en bienestar articular y muscular","Puede combinarse con Tiens Energy y Total Flex"],"technicalInfo":{"tipo-de-producto":"Suplemento líquido funcional","marca":"Tianshi","ingredientes-principales":"Péptidos de colágeno de pescado, ginseng, miel Manuka y zanahoria morada","presentacion":"Sachets","contenido":"15 sachets x 15 ml","tecnologia":"Desarrollado con tecnología doble NUTRI™, orientada a combinar nutrientes solubles en agua y aceite junto con extractos vegetales e ingredientes funcionales."}}'::jsonb, 'Comprar ahora', 'Tiens Colágeno Forte + Gingseng | Tiens Peru', 'Colágeno líquido con ginseng que apoya piel, articulaciones, bienestar diario y rutinas activas.', 'https://tiens-assets-staging.nyc3.cdn.digitaloceanspaces.com/products/pe/tiens-colageno-forte-gingseng/main.webp', 'https://youtu.be/tTwWootASTE?si=fwk4NLXUlA1CkwbN'),
  ('291ff5a6-fb75-45e7-8782-a7e44bfa92f1', '90e3d5f2-6c63-4a91-ab1f-7e0de6e136ea', (SELECT id FROM language WHERE code = 'es'), 'Pasta Dental Herbal Orecare', 'Pasta dental herbal con extractos naturales que ayuda a proteger dientes, encías y mantener un aliento fresco.', 'La Pasta Dental Herbal Orecare es un producto de cuidado personal formulado con extractos naturales de plantas tradicionales como sarcandra, madreselva y crisantemo indicum. Estos ingredientes son reconocidos por su uso tradicional dentro del cuidado e higiene personal.

Su fórmula cremosa y de textura suave ha sido desarrollada para ayudar en la limpieza bucal diaria, contribuyendo a mantener dientes limpios, encías cuidadas y una sensación prolongada de frescura.

Gracias a su sabor a menta y su composición herbal, puede integrarse fácilmente en la rutina diaria de higiene oral, ofreciendo una experiencia agradable de cepillado.', 'La salud bucal diaria es clave para mantener una sonrisa saludable y una sensación de frescura constante. Una buena rutina de higiene ayuda a proteger dientes y encías frente a factores cotidianos como restos de alimentos, placa bacteriana y mal aliento.

La Pasta Dental Herbal Orecare combina extractos botánicos tradicionales con una fórmula pensada para complementar el cuidado bucal diario de toda la familia.', '["Ayuda a mantener dientes y encías limpios","Contribuye a reducir acumulación de placa y sarro","Brinda sensación de aliento fresco","Fórmula cremosa y agradable al cepillado","Complementa rutinas de higiene oral diaria","Elaborada con extractos herbales tradicionales"]'::jsonb, '["Rutinas diarias de higiene bucal","Limpieza después de cada comida","Cuidado preventivo de dientes y encías","Uso familiar según indicación de edad"]'::jsonb, '["Colocar aproximadamente un tercio de la superficie del cepillo dental con pasta","Cepillar dientes y encías suavemente","Realizar el cepillado durante el tiempo recomendado","Utilizar al menos 3 veces al día, preferentemente después de cada comida"]'::jsonb, '["Suspender el uso si presenta alguna reacción desfavorable","Recomendable a partir de los 2 años de edad","Mantener en lugar fresco y ventilado","Evitar ingerir el producto"]'::jsonb, '["Adultos y niños mayores de 2 años","Personas que buscan higiene bucal diaria","Usuarios que prefieren fórmulas herbales","Rutinas enfocadas en frescura y limpieza oral"]'::jsonb, '{"tipo-de-producto":"Pasta dental herbal","marca":"Orecare","ingredientes-principales":"Sarcandra, madreselva y crisantemo indicum","presentacion":"Tubo","contenido":"135gr","diferencial":"Fórmula desarrollada con extractos botánicos tradicionales y sabor a menta para una experiencia fresca y agradable."}'::jsonb, '{"benefits":["Ayuda a mantener dientes y encías limpios","Contribuye a reducir acumulación de placa y sarro","Brinda sensación de aliento fresco","Fórmula cremosa y agradable al cepillado","Complementa rutinas de higiene oral diaria","Elaborada con extractos herbales tradicionales"],"applications":["Rutinas diarias de higiene bucal","Limpieza después de cada comida","Cuidado preventivo de dientes y encías","Uso familiar según indicación de edad"],"usage":["Colocar aproximadamente un tercio de la superficie del cepillo dental con pasta","Cepillar dientes y encías suavemente","Realizar el cepillado durante el tiempo recomendado","Utilizar al menos 3 veces al día, preferentemente después de cada comida"],"restrictions":["Suspender el uso si presenta alguna reacción desfavorable","Recomendable a partir de los 2 años de edad","Mantener en lugar fresco y ventilado","Evitar ingerir el producto"],"recommendations":["Adultos y niños mayores de 2 años","Personas que buscan higiene bucal diaria","Usuarios que prefieren fórmulas herbales","Rutinas enfocadas en frescura y limpieza oral"],"technicalInfo":{"tipo-de-producto":"Pasta dental herbal","marca":"Orecare","ingredientes-principales":"Sarcandra, madreselva y crisantemo indicum","presentacion":"Tubo","contenido":"135gr","diferencial":"Fórmula desarrollada con extractos botánicos tradicionales y sabor a menta para una experiencia fresca y agradable."}}'::jsonb, 'Comprar ahora', 'Pasta Dental Herbal Orecare | Tiens Peru', 'Pasta dental herbal con extractos naturales que ayuda a proteger dientes, encías y mantener un aliento fresco.', 'https://tiens-assets-staging.nyc3.cdn.digitaloceanspaces.com/products/pe/pasta-dental-herbal-orecare/main.webp', 'https://youtu.be/Lx2ArBmeshI?si=ehToTgno_bch5Icm'),
  ('63cf8c05-7583-4f94-9a35-023bd9c2d0d3', '6aa0dcb9-14f5-4995-8dc2-a0f844b1add0', (SELECT id FROM language WHERE code = 'es'), 'Tiens Cordycafe', 'Café funcional con Cordyceps que apoya energía, concentración y bienestar diario con gran sabor y aroma.', 'Tiens Cordycafe es una bebida instantánea elaborada con café de calidad y Cordyceps sinensis, un hongo tradicionalmente valorado por su uso dentro de rutinas orientadas a energía, resistencia y equilibrio general.

Su fórmula combina extracto de café en polvo, crema no láctea, leche desnatada en polvo y Cordyceps, ofreciendo una experiencia agradable de sabor y aroma junto con un perfil funcional pensado para el día a día.

El Cordyceps es conocido por su relación con procesos energéticos del organismo, mientras que el café aporta el impulso característico para comenzar la jornada. Juntos forman una excelente alternativa para quienes buscan rendimiento físico y mental con practicidad.', 'Comenzar el día con energía y enfoque es una prioridad para muchas personas. Sin embargo, el ritmo diario, el cansancio acumulado y la alta exigencia física o mental pueden afectar el rendimiento cotidiano.

Tiens Cordycafe combina café instantáneo con Cordyceps, creando una bebida funcional pensada para acompañar mañanas activas, apoyar la vitalidad y complementar una rutina de bienestar.', '["Ayuda a reducir sensación de fatiga","Favorece energía y vitalidad diaria","Contribuye a mejorar la concentración","Apoya el rendimiento físico y mental","Complementa el metabolismo y circulación","Aporta antioxidantes naturales"]'::jsonb, '["Rutinas matutinas","Jornadas laborales intensas","Actividad física moderada","Estudio y concentración"]'::jsonb, '["Verter 1 sachet en una taza","Agregar 150 ml de agua caliente (70° a 80°C)","Mezclar hasta disolver completamente","Consumir preferentemente por la mañana"]'::jsonb, '["No recomendado para personas sensibles a alguno de sus ingredientes","No usar como sustituto de una dieta equilibrada","No recomendado para niños, lactantes o embarazadas","Conservar en lugar fresco y seco"]'::jsonb, '["Adultos que buscan energía diaria","Personas con jornadas exigentes","Usuarios que desean mejorar enfoque y rendimiento","Combinable con suplementos Tiens según rutina personal"]'::jsonb, '{"tipo-de-producto":"Bebida funcional instantánea","marca":"Tianshi","ingredientes-principales":"Extracto de café, Cordyceps sinensis, crema no láctea y leche desnatada en polvo","presentacion":"Sachets","contenido":"12 sachets x 15 g","diferencial":"Combina café instantáneo con Cordyceps para unir sabor, practicidad y soporte funcional en una sola bebida."}'::jsonb, '{"benefits":["Ayuda a reducir sensación de fatiga","Favorece energía y vitalidad diaria","Contribuye a mejorar la concentración","Apoya el rendimiento físico y mental","Complementa el metabolismo y circulación","Aporta antioxidantes naturales"],"applications":["Rutinas matutinas","Jornadas laborales intensas","Actividad física moderada","Estudio y concentración"],"usage":["Verter 1 sachet en una taza","Agregar 150 ml de agua caliente (70° a 80°C)","Mezclar hasta disolver completamente","Consumir preferentemente por la mañana"],"restrictions":["No recomendado para personas sensibles a alguno de sus ingredientes","No usar como sustituto de una dieta equilibrada","No recomendado para niños, lactantes o embarazadas","Conservar en lugar fresco y seco"],"recommendations":["Adultos que buscan energía diaria","Personas con jornadas exigentes","Usuarios que desean mejorar enfoque y rendimiento","Combinable con suplementos Tiens según rutina personal"],"technicalInfo":{"tipo-de-producto":"Bebida funcional instantánea","marca":"Tianshi","ingredientes-principales":"Extracto de café, Cordyceps sinensis, crema no láctea y leche desnatada en polvo","presentacion":"Sachets","contenido":"12 sachets x 15 g","diferencial":"Combina café instantáneo con Cordyceps para unir sabor, practicidad y soporte funcional en una sola bebida."}}'::jsonb, 'Comprar ahora', 'Tiens Cordycafe | Tiens Peru', 'Café funcional con Cordyceps que apoya energía, concentración y bienestar diario con gran sabor y aroma.', 'https://tiens-assets-staging.nyc3.cdn.digitaloceanspaces.com/products/pe/tiens-cordycafe/main.webp', 'https://youtu.be/h95ne-YMH-4?si=RlacxrU6ssj8lPoS'),
  ('356b2638-c5eb-4c38-b422-e2b5b6da0e55', 'f943eef3-7dcc-4dd6-9c39-266788922b7d', (SELECT id FROM language WHERE code = 'es'), 'Green Bubble Cleanser', 'Gel limpiador facial espumante que exfolia, limpia e hidrata, dejando la piel fresca y lista para tu rutina skincare.', 'Green Bubble Cleanser es un limpiador facial en gel con tecnología espumante inspirado en fórmulas coreanas de cuidado de la piel. Su textura cambia rápidamente de fase líquida a espuma, ayudando a remover impurezas mientras brinda una sensación refrescante y agradable.

Su fórmula combina ingredientes funcionales como extracto de semilla de cacao, extracto de micelio de hongos y extracto hidrolizado de placenta de centeno, seleccionados para complementar la limpieza facial y apoyar el aspecto saludable de la piel.

Además de limpiar, ayuda a preparar el rostro para la siguiente etapa de la rutina de belleza, permitiendo una mejor experiencia con tónicos, sérums o hidratantes posteriores.', 'La piel del rostro está expuesta diariamente a contaminación, grasa, maquillaje, sudor y factores ambientales que pueden afectar su apariencia y frescura. Por eso, una limpieza adecuada es el primer paso de cualquier rutina de cuidado facial.

Green Bubble Cleanser ha sido desarrollado para ofrecer una experiencia innovadora de limpieza, transformándose de gel a espuma en segundos y dejando el rostro listo para continuar con el skincare habitual.', '["Limpia profundamente el rostro","Ayuda a remover impurezas y residuos diarios","Efecto exfoliante suave","Aporta sensación fresca e inmediata","Contribuye a una piel con apariencia revitalizada","Deja el rostro listo para la rutina skincare"]'::jsonb, '["Rutina facial diaria de mañana o noche","Limpieza posterior al maquillaje","Preparación previa al uso de sérums o cremas","Rutinas enfocadas en frescura y cuidado facial"]'::jsonb, '["Aplicar de 2 a 3 ml sobre el rostro limpio y seco o ligeramente húmedo","Distribuir suavemente evitando el área de los ojos","Esperar unos segundos hasta alcanzar el efecto espumante","Masajear suavemente el rostro","Enjuagar con abundante agua hasta retirar todo residuo"]'::jsonb, '["No usar en caso de hipersensibilidad a alguno de sus componentes","Evitar aplicar sobre heridas abiertas o lesiones cutáneas","No usar sobre afecciones dermatológicas activas sin orientación profesional","Evitar contacto directo con los ojos","Suspender uso ante irritación o reacción desfavorable"]'::jsonb, '["Hombres y mujeres que buscan limpieza facial diaria","• Personas con rutina skincare","• Usuarios que desean sensación fresca y piel limpia","• Combinable con productos de belleza Tiens como Cilvaris Gel Rejuvenecedor y bloqueador SPF50"]'::jsonb, '{"tipo-de-producto":"Limpiador facial en gel espumante","marca":"Viewtale","ingredientes-principales":"Extracto de semilla de cacao, micelio de hongos y placenta hidrolizada de centeno","presentacion":"Envase individual","contenido":"80ml"}'::jsonb, '{"benefits":["Limpia profundamente el rostro","Ayuda a remover impurezas y residuos diarios","Efecto exfoliante suave","Aporta sensación fresca e inmediata","Contribuye a una piel con apariencia revitalizada","Deja el rostro listo para la rutina skincare"],"applications":["Rutina facial diaria de mañana o noche","Limpieza posterior al maquillaje","Preparación previa al uso de sérums o cremas","Rutinas enfocadas en frescura y cuidado facial"],"usage":["Aplicar de 2 a 3 ml sobre el rostro limpio y seco o ligeramente húmedo","Distribuir suavemente evitando el área de los ojos","Esperar unos segundos hasta alcanzar el efecto espumante","Masajear suavemente el rostro","Enjuagar con abundante agua hasta retirar todo residuo"],"restrictions":["No usar en caso de hipersensibilidad a alguno de sus componentes","Evitar aplicar sobre heridas abiertas o lesiones cutáneas","No usar sobre afecciones dermatológicas activas sin orientación profesional","Evitar contacto directo con los ojos","Suspender uso ante irritación o reacción desfavorable"],"recommendations":["Hombres y mujeres que buscan limpieza facial diaria","• Personas con rutina skincare","• Usuarios que desean sensación fresca y piel limpia","• Combinable con productos de belleza Tiens como Cilvaris Gel Rejuvenecedor y bloqueador SPF50"],"technicalInfo":{"tipo-de-producto":"Limpiador facial en gel espumante","marca":"Viewtale","ingredientes-principales":"Extracto de semilla de cacao, micelio de hongos y placenta hidrolizada de centeno","presentacion":"Envase individual","contenido":"80ml"}}'::jsonb, 'Comprar ahora', 'Green Bubble Cleanser | Tiens Peru', 'Gel limpiador facial espumante que exfolia, limpia e hidrata, dejando la piel fresca y lista para tu rutina skincare.', 'https://tiens-assets-staging.nyc3.cdn.digitaloceanspaces.com/products/pe/green-bubble-cleanser/main.webp', NULL);

INSERT INTO product_image (id, product_country_id, url, sort_order, alt_text, is_primary, created_at)
VALUES
  ('930f2a1e-c130-44d0-a5dc-d72c52c0182a', '01669875-1d71-4988-849b-2ac1a503e83b', 'https://tiens-assets-staging.nyc3.cdn.digitaloceanspaces.com/products/pe/set-toallas-higienicas-airiz/main.webp', 0, 'Set Toallas Higiénicas Airiz', TRUE, NOW()),
  ('3f46a739-40c7-4918-b9ae-19009a143891', '01669875-1d71-4988-849b-2ac1a503e83b', 'https://tiens-assets-staging.nyc3.cdn.digitaloceanspaces.com/products/pe/set-toallas-higienicas-airiz/gallery-01.webp', 1, 'Set Toallas Higiénicas Airiz 2', FALSE, NOW()),
  ('046dd2fa-d568-43be-8c05-eca016f6b933', '01669875-1d71-4988-849b-2ac1a503e83b', 'https://tiens-assets-staging.nyc3.cdn.digitaloceanspaces.com/products/pe/set-toallas-higienicas-airiz/gallery-02.webp', 2, 'Set Toallas Higiénicas Airiz 3', FALSE, NOW()),
  ('8de4f6e2-1f9a-40dc-a661-fe50b9b58b16', '01669875-1d71-4988-849b-2ac1a503e83b', 'https://tiens-assets-staging.nyc3.cdn.digitaloceanspaces.com/products/pe/set-toallas-higienicas-airiz/gallery-03.webp', 3, 'Set Toallas Higiénicas Airiz 4', FALSE, NOW()),
  ('e8f7ef44-da90-424d-9902-01fd53db0192', 'e6b2c602-aae4-429c-9ccf-3ade9e4541a4', 'https://tiens-assets-staging.nyc3.cdn.digitaloceanspaces.com/products/pe/capsula-de-chitosa/main.webp', 0, 'Capsula de Chitosa', TRUE, NOW()),
  ('bd6d5212-b825-4afc-8ea3-53c85b8684ae', 'e6b2c602-aae4-429c-9ccf-3ade9e4541a4', 'https://tiens-assets-staging.nyc3.cdn.digitaloceanspaces.com/products/pe/capsula-de-chitosa/gallery-01.webp', 1, 'Capsula de Chitosa 2', FALSE, NOW()),
  ('e887957b-bbbb-4a3c-a180-8875ead34a04', 'e6b2c602-aae4-429c-9ccf-3ade9e4541a4', 'https://tiens-assets-staging.nyc3.cdn.digitaloceanspaces.com/products/pe/capsula-de-chitosa/gallery-02.webp', 2, 'Capsula de Chitosa 3', FALSE, NOW()),
  ('a3230642-ee7f-4926-a3c9-a8a43efe34ec', '31ed14a1-1651-43ec-9fbf-4bb591dc32b7', 'https://tiens-assets-staging.nyc3.cdn.digitaloceanspaces.com/products/pe/te-antilipido-de-tianshi/main.webp', 0, 'Te Antilípido de Tianshi', TRUE, NOW()),
  ('2120acc2-8a34-42a7-bc2f-a1a65570265e', '31ed14a1-1651-43ec-9fbf-4bb591dc32b7', 'https://tiens-assets-staging.nyc3.cdn.digitaloceanspaces.com/products/pe/te-antilipido-de-tianshi/gallery-01.webp', 1, 'Te Antilípido de Tianshi 2', FALSE, NOW()),
  ('a84e7684-f75b-46a0-a83d-700967a829a1', '31ed14a1-1651-43ec-9fbf-4bb591dc32b7', 'https://tiens-assets-staging.nyc3.cdn.digitaloceanspaces.com/products/pe/te-antilipido-de-tianshi/gallery-02.webp', 2, 'Te Antilípido de Tianshi 3', FALSE, NOW()),
  ('e463a4f1-cb71-4c89-93ef-821a4f4d2802', '31ed14a1-1651-43ec-9fbf-4bb591dc32b7', 'https://tiens-assets-staging.nyc3.cdn.digitaloceanspaces.com/products/pe/te-antilipido-de-tianshi/gallery-03.webp', 3, 'Te Antilípido de Tianshi 4', FALSE, NOW()),
  ('9be20aac-d7be-4e2f-83db-3663e39254af', 'b3e84848-a7cd-42f8-ab3f-21d0a060a0be', 'https://tiens-assets-staging.nyc3.cdn.digitaloceanspaces.com/products/pe/te-reductor-de-peso/main.webp', 0, 'Te Reductor de Peso', TRUE, NOW()),
  ('255ebcd4-60d8-4561-80b2-a2c81caf34b5', 'b3e84848-a7cd-42f8-ab3f-21d0a060a0be', 'https://tiens-assets-staging.nyc3.cdn.digitaloceanspaces.com/products/pe/te-reductor-de-peso/gallery-01.webp', 1, 'Te Reductor de Peso 2', FALSE, NOW()),
  ('5e236117-1169-4514-84b2-c0550813e52d', 'b3e84848-a7cd-42f8-ab3f-21d0a060a0be', 'https://tiens-assets-staging.nyc3.cdn.digitaloceanspaces.com/products/pe/te-reductor-de-peso/gallery-02.webp', 2, 'Te Reductor de Peso 3', FALSE, NOW()),
  ('72282de0-5783-474d-be6d-ae423b4bd3d2', 'b3e84848-a7cd-42f8-ab3f-21d0a060a0be', 'https://tiens-assets-staging.nyc3.cdn.digitaloceanspaces.com/products/pe/te-reductor-de-peso/gallery-03.webp', 3, 'Te Reductor de Peso 4', FALSE, NOW()),
  ('7d3437f9-ec47-421a-9f00-aa0dcacb6d98', 'ec79a629-2ace-4b6d-9933-6656ba4fb863', 'https://tiens-assets-staging.nyc3.cdn.digitaloceanspaces.com/products/pe/tiens-fe-folic/main.webp', 0, 'Tiens Fe Folic', TRUE, NOW()),
  ('36678e70-17e4-47b5-854c-c93b3ba094d9', 'ec79a629-2ace-4b6d-9933-6656ba4fb863', 'https://tiens-assets-staging.nyc3.cdn.digitaloceanspaces.com/products/pe/tiens-fe-folic/gallery-01.webp', 1, 'Tiens Fe Folic 2', FALSE, NOW()),
  ('1d269793-960e-4583-b53d-762d67c7f168', 'ec79a629-2ace-4b6d-9933-6656ba4fb863', 'https://tiens-assets-staging.nyc3.cdn.digitaloceanspaces.com/products/pe/tiens-fe-folic/gallery-02.webp', 2, 'Tiens Fe Folic 3', FALSE, NOW()),
  ('bd7e00f8-035f-48af-aef8-4d50d9b5f417', 'e97251ce-56a5-40c8-9c3b-48c3fd254277', 'https://tiens-assets-staging.nyc3.cdn.digitaloceanspaces.com/products/pe/viokal/main.webp', 0, 'Viokal', TRUE, NOW()),
  ('6d8e84bc-19dc-414a-a01c-6748b67b00b3', 'e97251ce-56a5-40c8-9c3b-48c3fd254277', 'https://tiens-assets-staging.nyc3.cdn.digitaloceanspaces.com/products/pe/viokal/gallery-01.webp', 1, 'Viokal 2', FALSE, NOW()),
  ('a55a0d0c-4b51-4e5e-acfd-d3d96e7e391c', 'e97251ce-56a5-40c8-9c3b-48c3fd254277', 'https://tiens-assets-staging.nyc3.cdn.digitaloceanspaces.com/products/pe/viokal/gallery-02.webp', 2, 'Viokal 3', FALSE, NOW()),
  ('1caffa75-7f84-418a-affb-5e3473007515', 'e97251ce-56a5-40c8-9c3b-48c3fd254277', 'https://tiens-assets-staging.nyc3.cdn.digitaloceanspaces.com/products/pe/viokal/gallery-03.webp', 3, 'Viokal 4', FALSE, NOW()),
  ('2d77dfcd-f329-49b2-93be-740679f58b4b', '51f101cf-8ec3-4e45-9293-c482692a29fc', 'https://tiens-assets-staging.nyc3.cdn.digitaloceanspaces.com/products/pe/tiens-colageno-forte-gingseng/main.webp', 0, 'Tiens Colágeno Forte + Gingseng', TRUE, NOW()),
  ('d247c2b4-0aa5-4bf9-b73d-35a97532584c', '51f101cf-8ec3-4e45-9293-c482692a29fc', 'https://tiens-assets-staging.nyc3.cdn.digitaloceanspaces.com/products/pe/tiens-colageno-forte-gingseng/gallery-01.webp', 1, 'Tiens Colágeno Forte + Gingseng 2', FALSE, NOW()),
  ('30c5a43c-7d12-4ce7-99bf-cbeb81303b26', '51f101cf-8ec3-4e45-9293-c482692a29fc', 'https://tiens-assets-staging.nyc3.cdn.digitaloceanspaces.com/products/pe/tiens-colageno-forte-gingseng/gallery-02.webp', 2, 'Tiens Colágeno Forte + Gingseng 3', FALSE, NOW()),
  ('bbf891bf-eab7-441e-bfd1-38874f98cac4', '51f101cf-8ec3-4e45-9293-c482692a29fc', 'https://tiens-assets-staging.nyc3.cdn.digitaloceanspaces.com/products/pe/tiens-colageno-forte-gingseng/gallery-03.webp', 3, 'Tiens Colágeno Forte + Gingseng 4', FALSE, NOW()),
  ('417b5f52-407f-4d27-a51e-29d0cdcaa9a3', '90e3d5f2-6c63-4a91-ab1f-7e0de6e136ea', 'https://tiens-assets-staging.nyc3.cdn.digitaloceanspaces.com/products/pe/pasta-dental-herbal-orecare/main.webp', 0, 'Pasta Dental Herbal Orecare', TRUE, NOW()),
  ('46fd3583-5758-4a1c-8a99-d2489a5ef9fe', '90e3d5f2-6c63-4a91-ab1f-7e0de6e136ea', 'https://tiens-assets-staging.nyc3.cdn.digitaloceanspaces.com/products/pe/pasta-dental-herbal-orecare/gallery-01.webp', 1, 'Pasta Dental Herbal Orecare 2', FALSE, NOW()),
  ('9a25b2a2-3a0f-43a2-b917-b5f81dc41ca9', '90e3d5f2-6c63-4a91-ab1f-7e0de6e136ea', 'https://tiens-assets-staging.nyc3.cdn.digitaloceanspaces.com/products/pe/pasta-dental-herbal-orecare/gallery-02.webp', 2, 'Pasta Dental Herbal Orecare 3', FALSE, NOW()),
  ('9080c325-676b-487d-ad0a-5e2485cf5ae3', '6aa0dcb9-14f5-4995-8dc2-a0f844b1add0', 'https://tiens-assets-staging.nyc3.cdn.digitaloceanspaces.com/products/pe/tiens-cordycafe/main.webp', 0, 'Tiens Cordycafe', TRUE, NOW()),
  ('df93bf72-225e-45a6-adcb-0f1063cc6233', '6aa0dcb9-14f5-4995-8dc2-a0f844b1add0', 'https://tiens-assets-staging.nyc3.cdn.digitaloceanspaces.com/products/pe/tiens-cordycafe/gallery-01.webp', 1, 'Tiens Cordycafe 2', FALSE, NOW()),
  ('f8d0545f-5c61-43fa-be15-8f3c8546f15f', '6aa0dcb9-14f5-4995-8dc2-a0f844b1add0', 'https://tiens-assets-staging.nyc3.cdn.digitaloceanspaces.com/products/pe/tiens-cordycafe/gallery-02.webp', 2, 'Tiens Cordycafe 3', FALSE, NOW()),
  ('e22ba355-8584-49c8-a9c2-eb7be4f62680', '6aa0dcb9-14f5-4995-8dc2-a0f844b1add0', 'https://tiens-assets-staging.nyc3.cdn.digitaloceanspaces.com/products/pe/tiens-cordycafe/gallery-03.webp', 3, 'Tiens Cordycafe 4', FALSE, NOW()),
  ('842d0c3e-9691-4e74-b541-e612a15d6f98', 'f943eef3-7dcc-4dd6-9c39-266788922b7d', 'https://tiens-assets-staging.nyc3.cdn.digitaloceanspaces.com/products/pe/green-bubble-cleanser/main.webp', 0, 'Green Bubble Cleanser', TRUE, NOW()),
  ('b524ed32-4115-41ae-aebe-db21edc3f955', 'f943eef3-7dcc-4dd6-9c39-266788922b7d', 'https://tiens-assets-staging.nyc3.cdn.digitaloceanspaces.com/products/pe/green-bubble-cleanser/gallery-01.webp', 1, 'Green Bubble Cleanser 2', FALSE, NOW()),
  ('2fc7a6a3-c046-45e3-89d7-b7de60595299', 'f943eef3-7dcc-4dd6-9c39-266788922b7d', 'https://tiens-assets-staging.nyc3.cdn.digitaloceanspaces.com/products/pe/green-bubble-cleanser/gallery-02.webp', 2, 'Green Bubble Cleanser 3', FALSE, NOW()),
  ('53f1f424-c668-4054-9c4d-628c5858ad76', 'f943eef3-7dcc-4dd6-9c39-266788922b7d', 'https://tiens-assets-staging.nyc3.cdn.digitaloceanspaces.com/products/pe/green-bubble-cleanser/gallery-03.webp', 3, 'Green Bubble Cleanser 4', FALSE, NOW());

COMMIT;
